radical1,radical2,category1,category2,observed,expected,avoidance_ratio
人,忄,agent,internal,10,20.646127296721144,1.8769206633382858
丶,寸,structure,action,6,13.097249010252765,1.8710355728932522
口,彳,boundary,other,11,22.202669779717795,1.8502224816431496
